Date,Contenu,Image
1944,"<b>Texte de 200 signes pour l'année 1944.</b></br>Lorem ipsum dolor sit amet, consectetur adipiscing elit. Proin convallis feugiat ligula, nec interdum erat efficitur non. Curabitur ut
 turpis at metus fermentum.</p>",1944.jpg
1945,"<b>Texte de 200 signes pour l'année 1945.</b></br>Lorem ipsum dolor sit amet, consectetur adipiscing elit. Proin convallis feugiat ligula, nec interdum erat efficitur non. Curabitur ut turpis at metus fermentum.</p>",1945.jpg
1946,"<b>Texte de 200 signes pour l'année 19462024.</b></br>Lorem ipsum dolor sit amet, consectetur adipiscing elit. Proin convallis feugiat ligula, nec interdum erat efficitur non. Curabitur ut turpis at metus fermentum.</p>",1946.jpg
1947,"<b>Texte de 200 signes pour l'année 2024.</b></br>Lorem ipsum dolor sit amet, consectetur adipiscing elit. Proin convallis feugiat ligula, nec interdum erat efficitur non. Curabitur ut turpis at metus fermentum.</p>",1947.jpg
1948,"<b>Texte de 200 signes pour l'année 2024.</b></br>Lorem ipsum dolor sit amet, consectetur adipiscing elit. Proin convallis feugiat ligula, nec interdum erat efficitur non. Curabitur ut turpis at metus fermentum.</p>",1948.jpg
1949,"<b>Texte de 200 signes pour l'année 2024.</b></br>Lorem ipsum dolor sit amet, consectetur adipiscing elit. Proin convallis feugiat ligula, nec interdum erat efficitur non. Curabitur ut turpis at metus fermentum.</p>",1949.jpg
1950,"<b>Texte de 200 signes pour l'année 2024.</b></br>Lorem ipsum dolor sit amet, consectetur adipiscing elit. Proin convallis feugiat ligula, nec interdum erat efficitur non. Curabitur ut turpis at metus fermentum.</p>",1950.jpg
1951,"<b>Texte de 200 signes pour l'année 2024.</b></br>Lorem ipsum dolor sit amet, consectetur adipiscing elit. Proin convallis feugiat ligula, nec interdum erat efficitur non. Curabitur ut turpis at metus fermentum.</p>",1951.jpg
1952,"<b>Texte de 200 signes pour l'année 2024.</b></br>Lorem ipsum dolor sit amet, consectetur adipiscing elit. Proin convallis feugiat ligula, nec interdum erat efficitur non. Curabitur ut turpis at metus fermentum.</p>",1952.jpg
1953,"<b>Texte de 200 signes pour l'année 2024.</b></br>Lorem ipsum dolor sit amet, consectetur adipiscing elit. Proin convallis feugiat ligula, nec interdum erat efficitur non. Curabitur ut turpis at metus fermentum.</p>",1953.jpg
1954,"<b>Texte de 200 signes pour l'année 2024.</b></br>Lorem ipsum dolor sit amet, consectetur adipiscing elit. Proin convallis feugiat ligula, nec interdum erat efficitur non. Curabitur ut turpis at metus fermentum.</p>",1954.jpg
1955,"<b>Texte de 200 signes pour l'année 2024.</b></br>Lorem ipsum dolor sit amet, consectetur adipiscing elit. Proin convallis feugiat ligula, nec interdum erat efficitur non. Curabitur ut turpis at metus fermentum.</p>",1955.jpg
1956,"<b>Texte de 200 signes pour l'année 2024.</b></br>Lorem ipsum dolor sit amet, consectetur adipiscing elit. Proin convallis feugiat ligula, nec interdum erat efficitur non. Curabitur ut turpis at metus fermentum.</p>",1956.jpg
1957,"<b>Texte de 200 signes pour l'année 2024.</b></br>Lorem ipsum dolor sit amet, consectetur adipiscing elit. Proin convallis feugiat ligula, nec interdum erat efficitur non. Curabitur ut turpis at metus fermentum.</p>",1957.jpg
1958,"<b>Texte de 200 signes pour l'année 2024.</b></br>Lorem ipsum dolor sit amet, consectetur adipiscing elit. Proin convallis feugiat ligula, nec interdum erat efficitur non. Curabitur ut turpis at metus fermentum.</p>",1958.jpg
1959,"<b>Texte de 200 signes pour l'année 2024.</b></br>Lorem ipsum dolor sit amet, consectetur adipiscing elit. Proin convallis feugiat ligula, nec interdum erat efficitur non. Curabitur ut turpis at metus fermentum.</p>",1959.jpg
1960,"<b>Texte de 200 signes pour l'année 2024.</b></br>Lorem ipsum dolor sit amet, consectetur adipiscing elit. Proin convallis feugiat ligula, nec interdum erat efficitur non. Curabitur ut turpis at metus fermentum.</p>",1960.jpg
1961,"<b>Texte de 200 signes pour l'année 2024.</b></br>Lorem ipsum dolor sit amet, consectetur adipiscing elit. Proin convallis feugiat ligula, nec interdum erat efficitur non. Curabitur ut turpis at metus fermentum.</p>",1961.jpg
1962,"<b>Texte de 200 signes pour l'année 2024.</b></br>Lorem ipsum dolor sit amet, consectetur adipiscing elit. Proin convallis feugiat ligula, nec interdum erat efficitur non. Curabitur ut turpis at metus fermentum.</p>",1962.jpg
1963,"<b>Texte de 200 signes pour l'année 2024.</b></br>Lorem ipsum dolor sit amet, consectetur adipiscing elit. Proin convallis feugiat ligula, nec interdum erat efficitur non. Curabitur ut turpis at metus fermentum.</p>",1963.jpg
1964,"<b>Texte de 200 signes pour l'année 2024.</b></br>Lorem ipsum dolor sit amet, consectetur adipiscing elit. Proin convallis feugiat ligula, nec interdum erat efficitur non. Curabitur ut turpis at metus fermentum.</p>",1964.jpg
1965,"<b>Texte de 200 signes pour l'année 2024.</b></br>Lorem ipsum dolor sit amet, consectetur adipiscing elit. Proin convallis feugiat ligula, nec interdum erat efficitur non. Curabitur ut turpis at metus fermentum.</p>",1965.jpg
1966,"<b>Texte de 200 signes pour l'année 2024.</b></br>Lorem ipsum dolor sit amet, consectetur adipiscing elit. Proin convallis feugiat ligula, nec interdum erat efficitur non. Curabitur ut turpis at metus fermentum.</p>",1966.jpg
1967,"<b>Texte de 200 signes pour l'année 2024.</b></br>Lorem ipsum dolor sit amet, consectetur adipiscing elit. Proin convallis feugiat ligula, nec interdum erat efficitur non. Curabitur ut turpis at metus fermentum.</p>",1967.jpg
1968,"<b>Texte de 200 signes pour l'année 2024.</b></br>Lorem ipsum dolor sit amet, consectetur adipiscing elit. Proin convallis feugiat ligula, nec interdum erat efficitur non. Curabitur ut turpis at metus fermentum.</p>",1968.jpg
1969,"<b>Texte de 200 signes pour l'année 2024.</b></br>Lorem ipsum dolor sit amet, consectetur adipiscing elit. Proin convallis feugiat ligula, nec interdum erat efficitur non. Curabitur ut turpis at metus fermentum.</p>",1969.jpg
1970,"<b>Texte de 200 signes pour l'année 2024.</b></br>Lorem ipsum dolor sit amet, consectetur adipiscing elit. Proin convallis feugiat ligula, nec interdum erat efficitur non. Curabitur ut turpis at metus fermentum.</p>",1970.jpg
1971,"<b>Texte de 200 signes pour l'année 2024.</b></br>Lorem ipsum dolor sit amet, consectetur adipiscing elit. Proin convallis feugiat ligula, nec interdum erat efficitur non. Curabitur ut turpis at metus fermentum.</p>",1971.jpg
1972,"<b>Texte de 200 signes pour l'année 2024.</b></br>Lorem ipsum dolor sit amet, consectetur adipiscing elit. Proin convallis feugiat ligula, nec interdum erat efficitur non. Curabitur ut turpis at metus fermentum.</p>",1972.jpg
1973,"<b>Texte de 200 signes pour l'année 2024.</b></br>Lorem ipsum dolor sit amet, consectetur adipiscing elit. Proin convallis feugiat ligula, nec interdum erat efficitur non. Curabitur ut turpis at metus fermentum.</p>",1973.jpg
1974,"<b>Texte de 200 signes pour l'année 2024.</b></br>Lorem ipsum dolor sit amet, consectetur adipiscing elit. Proin convallis feugiat ligula, nec interdum erat efficitur non. Curabitur ut turpis at metus fermentum.</p>",1974.jpg
1975,"<b>Texte de 200 signes pour l'année 2024.</b></br>Lorem ipsum dolor sit amet, consectetur adipiscing elit. Proin convallis feugiat ligula, nec interdum erat efficitur non. Curabitur ut turpis at metus fermentum.</p>",1975.jpg
1976,"<b>Texte de 200 signes pour l'année 2024.</b></br>Lorem ipsum dolor sit amet, consectetur adipiscing elit. Proin convallis feugiat ligula, nec interdum erat efficitur non. Curabitur ut turpis at metus fermentum.</p>",1976.jpg
1977,"<b>Texte de 200 signes pour l'année 2024.</b></br>Lorem ipsum dolor sit amet, consectetur adipiscing elit. Proin convallis feugiat ligula, nec interdum erat efficitur non. Curabitur ut turpis at metus fermentum.</p>",1977.jpg
1978,"<b>Texte de 200 signes pour l'année 2024.</b></br>Lorem ipsum dolor sit amet, consectetur adipiscing elit. Proin convallis feugiat ligula, nec interdum erat efficitur non. Curabitur ut turpis at metus fermentum.</p>",1978.jpg
1979,"<b>Texte de 200 signes pour l'année 2024.</b></br>Lorem ipsum dolor sit amet, consectetur adipiscing elit. Proin convallis feugiat ligula, nec interdum erat efficitur non. Curabitur ut turpis at metus fermentum.</p>",1979.jpg
1980,"<b>Texte de 200 signes pour l'année 2024.</b></br>Lorem ipsum dolor sit amet, consectetur adipiscing elit. Proin convallis feugiat ligula, nec interdum erat efficitur non. Curabitur ut turpis at metus fermentum.</p>",1980.jpg
1981,"<b>Texte de 200 signes pour l'année 2024.</b></br>Lorem ipsum dolor sit amet, consectetur adipiscing elit. Proin convallis feugiat ligula, nec interdum erat efficitur non. Curabitur ut turpis at metus fermentum.</p>",1981.jpg
1982,"<b>Texte de 200 signes pour l'année 2024.</b></br>Lorem ipsum dolor sit amet, consectetur adipiscing elit. Proin convallis feugiat ligula, nec interdum erat efficitur non. Curabitur ut turpis at metus fermentum.</p>",1982.jpg
1983,"<b>Texte de 200 signes pour l'année 2024.</b></br>Lorem ipsum dolor sit amet, consectetur adipiscing elit. Proin convallis feugiat ligula, nec interdum erat efficitur non. Curabitur ut turpis at metus fermentum.</p>",1983.jpg
1984,"<b>Texte de 200 signes pour l'année 2024.</b></br>Lorem ipsum dolor sit amet, consectetur adipiscing elit. Proin convallis feugiat ligula, nec interdum erat efficitur non. Curabitur ut turpis at metus fermentum.</p>",1984.jpg
1985,"<b>Texte de 200 signes pour l'année 2024.</b></br>Lorem ipsum dolor sit amet, consectetur adipiscing elit. Proin convallis feugiat ligula, nec interdum erat efficitur non. Curabitur ut turpis at metus fermentum.</p>",1985.jpg
1986,"<b>Texte de 200 signes pour l'année 2024.</b></br>Lorem ipsum dolor sit amet, consectetur adipiscing elit. Proin convallis feugiat ligula, nec interdum erat efficitur non. Curabitur ut turpis at metus fermentum.</p>",1986.jpg
1987,"<b>Texte de 200 signes pour l'année 2024.</b></br>Lorem ipsum dolor sit amet, consectetur adipiscing elit. Proin convallis feugiat ligula, nec interdum erat efficitur non. Curabitur ut turpis at metus fermentum.</p>",1987.jpg
1988,"<b>Texte de 200 signes pour l'année 2024.</b></br>Lorem ipsum dolor sit amet, consectetur adipiscing elit. Proin convallis feugiat ligula, nec interdum erat efficitur non. Curabitur ut turpis at metus fermentum.</p>",1988.jpg
1989,"<b>Texte de 200 signes pour l'année 2024.</b></br>Lorem ipsum dolor sit amet, consectetur adipiscing elit. Proin convallis feugiat ligula, nec interdum erat efficitur non. Curabitur ut turpis at metus fermentum.</p>",1989.jpg